{"name":"26cef928-c279-44b2-8693-51c421dd7571","id":"/providers/Microsoft.Flow/flows/26cef928-c279-44b2-8693-51c421dd7571","type":"Microsoft.Flow/flows","properties":{"apiId":"/providers/Microsoft.PowerApps/apis/shared_logicflows","displayName":"testConnection","definition":{"metadata":{"workflowEntityId":null,"processAdvisorMetadata":null,"flowChargedByPaygo":null,"flowclientsuspensionreason":"None","flowclientsuspensiontime":null,"flowclientsuspensionreasondetails":null,"creator":{"id":"55635cb9-54a0-4aee-bfd1-f74d2fa17a23","type":"User","tenantId":"6413a478-e45f-4bc1-9298-46288bd24324"},"provisioningMethod":"FromDefinition","failureAlertSubscription":true,"clientLastModifiedTime":"2024-04-08T16:33:34.544592Z","connectionKeySavedTimeKey":"2024-04-08T16:33:34.544592Z"},"$schema":"https://schema.management.azure.com/providers/Microsoft.Logic/schemas/2016-06-01/workflowdefinition.json#","contentVersion":"1.0.0.0","parameters":{"$connections":{"defaultValue":{},"type":"Object"},"$authentication":{"defaultValue":{},"type":"SecureObject"}},"triggers":{"manual":{"metadata":{"operationMetadataId":"2c5406b6-b2b2-44e6-8e33-76f98ddbb0c9"},"type":"Request","kind":"PowerAppV2","inputs":{"schema":{"type":"object","properties":{},"required":[]}}}},"actions":{"Send_an_HTTP_request_to_SharePoint":{"runAfter":{},"metadata":{"operationMetadataId":"0697c6a4-ea6f-4fc3-be97-db2b5e6ec880"},"type":"OpenApiConnection","inputs":{"host":{"apiId":"/providers/Microsoft.PowerApps/apis/shared_sharepointonline","connectionName":"shared_sharepointonline","operationId":"HttpRequest"},"parameters":{"dataset":"https://mtgent.sharepoint.com/sites/LineServices","parameters/method":"GET","parameters/uri":"_api/web/lists/getbytitle('LS Daily - Email Recipients')/items"},"authentication":{"value":"@json(decodeBase64(triggerOutputs().headers['X-MS-APIM-Tokens']))['$ConnectionKey']","type":"Raw"}}}},"outputs":{},"description":"Send a push notification on Power Apps button click."},"connectionReferences":{"shared_sharepointonline":{"connectionName":"shared-sharepointonl-4a120827-0069-4c1f-ba57-323dc4e813a9","source":"Invoker","id":"/providers/Microsoft.PowerApps/apis/shared_sharepointonline","tier":"NotSpecified"}},"flowFailureAlertSubscribed":false,"isManaged":false}}