{"name":"c30499d9-8940-4699-8cf5-80f72aa1be2b","id":"/providers/Microsoft.Flow/flows/c30499d9-8940-4699-8cf5-80f72aa1be2b","type":"Microsoft.Flow/flows","properties":{"apiId":"/providers/Microsoft.PowerApps/apis/shared_logicflows","displayName":"Field Tools - LS Expense Approvals","definition":{"metadata":{"workflowEntityId":null,"processAdvisorMetadata":null,"flowChargedByPaygo":null,"flowclientsuspensionreason":"None","flowclientsuspensiontime":null,"flowclientsuspensionreasondetails":null,"creator":{"id":"55635cb9-54a0-4aee-bfd1-f74d2fa17a23","type":"User","tenantId":"6413a478-e45f-4bc1-9298-46288bd24324"},"provisioningMethod":"FromDefinition","failureAlertSubscription":true,"clientLastModifiedTime":"2024-11-07T00:14:14.4407963Z","connectionKeySavedTimeKey":"2024-11-07T00:14:14.4407963Z"},"$schema":"https://schema.management.azure.com/providers/Microsoft.Logic/schemas/2016-06-01/workflowdefinition.json#","contentVersion":"1.0.0.0","parameters":{"$connections":{"defaultValue":{},"type":"Object"},"$authentication":{"defaultValue":{},"type":"SecureObject"}},"triggers":{"manual":{"metadata":{"operationMetadataId":"d8a5fed5-b43a-4afb-8b23-813ae5b571cc"},"type":"Request","kind":"PowerAppV2","inputs":{"schema":{"type":"object","properties":{"email":{"title":"RequesterEmail","type":"string","format":"email","x-ms-dynamically-added":true,"description":"Please enter Requester e-mail address","x-ms-content-hint":"EMAIL"},"email_1":{"title":"ApproverEmail","type":"string","format":"email","x-ms-dynamically-added":true,"description":"Please enter Approver e-mail address","x-ms-content-hint":"EMAIL"},"text":{"title":"Approval Title","type":"string","x-ms-dynamically-added":true,"description":"Please enter your Approval Title Request","x-ms-content-hint":"TEXT"}},"required":["email","email_1","text"]}}}},"actions":{"Get_items":{"runAfter":{"Initialize_variable_-_Attachment_Data":["Succeeded"]},"metadata":{"operationMetadataId":"ae1405d8-46ca-42f6-bf87-67a9522f1e67"},"type":"OpenApiConnection","inputs":{"host":{"apiId":"/providers/Microsoft.PowerApps/apis/shared_sharepointonline","connectionName":"shared_sharepointonline","operationId":"GetItems"},"parameters":{"dataset":"https://mtgent.sharepoint.com/sites/LineServices","table":"3daa5a97-2e89-4fb5-bdaa-f7a8aff2e551","$filter":"Author/EMail eq '@{triggerBody()?['email']}' and Approvedby eq null"},"authentication":{"value":"@json(decodeBase64(triggerOutputs().headers['X-MS-APIM-Tokens']))['$ConnectionKey']","type":"Raw"}}},"Initialize_variable":{"runAfter":{},"metadata":{"operationMetadataId":"c6b8048a-1b9d-4a5c-96e3-e3f007bd888f"},"type":"InitializeVariable","inputs":{"variables":[{"name":"varArrayListItems","type":"array"}]}},"Condition_1":{"actions":{"Scope":{"actions":{"Apply_to_each":{"foreach":"@outputs('Get_items')?['body/value']","actions":{"Get_attachments":{"runAfter":{},"metadata":{"operationMetadataId":"b9d0279b-366d-46ad-86bc-855539624ed3"},"type":"OpenApiConnection","inputs":{"host":{"apiId":"/providers/Microsoft.PowerApps/apis/shared_sharepointonline","connectionName":"shared_sharepointonline","operationId":"GetItemAttachments"},"parameters":{"dataset":"https://mtgent.sharepoint.com/sites/LineServices","table":"3daa5a97-2e89-4fb5-bdaa-f7a8aff2e551","itemId":"@item()?['ID']"},"authentication":{"value":"@json(decodeBase64(triggerOutputs().headers['X-MS-APIM-Tokens']))['$ConnectionKey']","type":"Raw"}}},"Condition_2":{"actions":{"Apply_to_each_4":{"foreach":"@body('Get_attachments')","actions":{"Get_Attachment_Content":{"runAfter":{},"metadata":{"operationMetadataId":"4f328734-45fc-4f66-9945-d5ab54e98d7d"},"type":"OpenApiConnection","inputs":{"host":{"apiId":"/providers/Microsoft.PowerApps/apis/shared_sharepointonline","connectionName":"shared_sharepointonline","operationId":"GetAttachmentContent"},"parameters":{"dataset":"https://mtgent.sharepoint.com/sites/LineServices","table":"3daa5a97-2e89-4fb5-bdaa-f7a8aff2e551","itemId":"@items('Apply_to_each')?['ID']","attachmentId":"@item()?['Id']"},"authentication":{"value":"@json(decodeBase64(triggerOutputs().headers['X-MS-APIM-Tokens']))['$ConnectionKey']","type":"Raw"}}},"Append_to_array_variable_2":{"runAfter":{"Set_variable":["Succeeded"]},"metadata":{"operationMetadataId":"3f89df8d-d295-4813-8361-ee19f2e64b2e"},"type":"AppendToArrayVariable","inputs":{"name":"varArrayAttachmentData","value":{"name":"@{variables('varFileName')}","content":"@body('Get_attachment_content')"}}},"Set_variable":{"runAfter":{"Get_Attachment_Content":["Succeeded"]},"metadata":{"operationMetadataId":"91258ff4-476d-4922-aaa9-8ccbdbedda53"},"type":"SetVariable","inputs":{"name":"varFileName","value":"@{outputs('Compose_2')}@{item()?['DisplayName']}"}}},"runAfter":{},"metadata":{"operationMetadataId":"56171885-1aa2-4565-a3dd-11bf74bf76e7"},"type":"Foreach"},"Append_to_array_variable":{"runAfter":{"Apply_to_each_4":["Succeeded"]},"metadata":{"operationMetadataId":"c7570c7d-8a65-4c52-be51-5b113b4bb1b1"},"type":"AppendToArrayVariable","inputs":{"name":"varArrayListItems","value":"@{items('Apply_to_each')?['Cardholder']?['DisplayName']} | @{items('Apply_to_each')?['Vendor']} | $@{items('Apply_to_each')?['Price']} | @{items('Apply_to_each')?['Category']?['Value']} | @{items('Apply_to_each')?['TransactionDate']} | [Link](@{items('Apply_to_each')?['{Link}']}) |\n"}}},"runAfter":{"Compose_2":["Succeeded"]},"expression":{"not":{"equals":["@body('Get_attachments')",""]}},"metadata":{"operationMetadataId":"76b0d48e-2ea7-4979-97aa-925935853a0e"},"type":"If"},"Compose_2":{"runAfter":{"Get_attachments":["Succeeded"]},"metadata":{"operationMetadataId":"8ff0b796-ec8a-4e11-8faa-3fa3cd98cb22"},"type":"Compose","inputs":"@{items('Apply_to_each')?['Cardholder/DisplayName']}-@{items('Apply_to_each')?['Vendor']}-@{items('Apply_to_each')?['TransactionDate']}-"}},"runAfter":{"Compose":["Succeeded"]},"metadata":{"operationMetadataId":"8fcf1c30-7d76-4784-8774-ebb1a682d988"},"type":"Foreach"},"Compose":{"runAfter":{"Append_to_array_variable_1":["Succeeded"]},"metadata":{"operationMetadataId":"88395c27-4be4-4583-b078-2f87ea2753c2"},"type":"Compose","inputs":"| Cardholder | Vendor | Price | Category | Date |\n|------------|--------|-------|----------|------|"},"Join":{"runAfter":{"Apply_to_each":["Succeeded"]},"metadata":{"operationMetadataId":"0df95508-ba83-46ff-9cb4-fda412e4dc88"},"type":"Join","inputs":{"from":"@variables('varArrayListItems')","joinWith":"\n"}},"Append_to_array_variable_1":{"runAfter":{},"metadata":{"operationMetadataId":"4fa7b05e-ad63-402b-98d0-67b0c5be1505"},"type":"AppendToArrayVariable","inputs":{"name":"varArrayListItems","value":"| Cardholder | Vendor | Price | Category | Date | List Item |\n|------------|--------|-------|----------|------|\n"}}},"runAfter":{},"metadata":{"operationMetadataId":"3e5d2de1-ddf0-41e5-9516-44acf1ec74a4"},"type":"Scope"},"Scope_1":{"actions":{"Condition":{"actions":{"Apply_to_each_2":{"foreach":"@outputs('Get_items')?['body/value']","actions":{"Apply_to_each_3":{"foreach":"@outputs('Start_and_wait_for_an_approval')?['body/responses']","actions":{"Update_item":{"runAfter":{},"metadata":{"operationMetadataId":"098e7731-237b-45f4-9e92-40c46843fd02"},"type":"OpenApiConnection","inputs":{"host":{"apiId":"/providers/Microsoft.PowerApps/apis/shared_sharepointonline","connectionName":"shared_sharepointonline","operationId":"PatchItem"},"parameters":{"dataset":"https://mtgent.sharepoint.com/sites/LineServices","table":"3daa5a97-2e89-4fb5-bdaa-f7a8aff2e551","id":"@items('Apply_to_each_2')?['ID']","item/Approvedby":"@items('Apply_to_each_3')?['responder/displayName']","item/ApprovalComments":"@items('Apply_to_each_3')?['comments']"},"authentication":{"value":"@json(decodeBase64(triggerOutputs().headers['X-MS-APIM-Tokens']))['$ConnectionKey']","type":"Raw"}}}},"runAfter":{},"metadata":{"operationMetadataId":"098650ea-caa0-4f70-8955-0d25d82a906c"},"type":"Foreach"}},"runAfter":{},"metadata":{"operationMetadataId":"d23f0cb8-fa48-4b27-8e6d-90d84f1910d8"},"type":"Foreach"}},"runAfter":{"Start_and_wait_for_an_approval":["Succeeded"]},"expression":{"equals":["@outputs('Start_and_wait_for_an_approval')?['body/outcome']","Approve"]},"metadata":{"operationMetadataId":"9d90a347-ed67-468f-9970-e12f4b622061"},"type":"If"},"Start_and_wait_for_an_approval":{"runAfter":{},"metadata":{"operationMetadataId":"cab61c53-7605-4293-a51c-395f9da5b020"},"type":"OpenApiConnectionWebhook","inputs":{"host":{"apiId":"/providers/Microsoft.PowerApps/apis/shared_approvals","connectionName":"shared_approvals_1","operationId":"StartAndWaitForAnApproval"},"parameters":{"approvalType":"Basic","WebhookApprovalCreationInput/title":"Approve Receipts - @{triggerBody()?['email']}","WebhookApprovalCreationInput/assignedTo":"@triggerBody()?['email_1']","WebhookApprovalCreationInput/details":"Submitted Receipts:\n\n@{body('Join')}","WebhookApprovalCreationInput/attachments":"@variables('varArrayAttachmentData')"},"authentication":{"value":"@json(decodeBase64(triggerOutputs().headers['X-MS-APIM-Tokens']))['$ConnectionKey']","type":"Raw"}}}},"runAfter":{"Scope":["Succeeded"]},"metadata":{"operationMetadataId":"98657efe-8fd8-4a69-8492-4d6a6c64015d"},"type":"Scope"}},"runAfter":{"Get_items":["Succeeded"]},"expression":{"and":[{"not":{"equals":["@length(body('Get_items')?['value'])",""]}}]},"metadata":{"operationMetadataId":"e0428794-991d-470b-a7fa-077e761f49e9"},"type":"If"},"Initialize_variable_-_Attachment_Data":{"runAfter":{"Initialize_variable_-_File_Name":["Succeeded"]},"metadata":{"operationMetadataId":"6942f43b-04af-49d7-9ac6-12b4d64001ea"},"type":"InitializeVariable","inputs":{"variables":[{"name":"varArrayAttachmentData","type":"array"}]}},"Initialize_variable_-_File_Name":{"runAfter":{"Initialize_variable":["Succeeded"]},"metadata":{"operationMetadataId":"5413bd54-19bd-4942-b168-0cc0835d0906"},"type":"InitializeVariable","inputs":{"variables":[{"name":"varFileName","type":"string"}]}}},"description":"Simple flow enables you to trigger an approval requests and notify the requester in Microsoft Teams with an Adaptive Card."},"connectionReferences":{"shared_sharepointonline":{"connectionName":"shared-sharepointonl-4a120827-0069-4c1f-ba57-323dc4e813a9","source":"Invoker","id":"/providers/Microsoft.PowerApps/apis/shared_sharepointonline","tier":"NotSpecified"},"shared_approvals_1":{"connectionName":"shared-approvals-f7c46a57-476f-4412-8eb4-b5cb04e4cde8","source":"Invoker","id":"/providers/Microsoft.PowerApps/apis/shared_approvals","tier":"NotSpecified"}},"flowFailureAlertSubscribed":false,"isManaged":false}}