{"name":"9108e888-f31a-4340-88c3-a9b8cede0595","id":"/providers/Microsoft.Flow/flows/9108e888-f31a-4340-88c3-a9b8cede0595","type":"Microsoft.Flow/flows","properties":{"apiId":"/providers/Microsoft.PowerApps/apis/shared_logicflows","displayName":"SaveDirecttoSharePoint","definition":{"metadata":{"workflowEntityId":null,"processAdvisorMetadata":null,"flowChargedByPaygo":null,"flowclientsuspensionreason":"None","flowclientsuspensiontime":null,"flowclientsuspensionreasondetails":null,"creator":{"id":"55635cb9-54a0-4aee-bfd1-f74d2fa17a23","type":"User","tenantId":"6413a478-e45f-4bc1-9298-46288bd24324"},"provisioningMethod":"FromDefinition","failureAlertSubscription":true,"clientLastModifiedTime":"2024-04-19T16:11:22.5869365Z","connectionKeySavedTimeKey":"2024-04-19T16:11:22.5869365Z"},"$schema":"https://schema.management.azure.com/providers/Microsoft.Logic/schemas/2016-06-01/workflowdefinition.json#","contentVersion":"1.0.0.0","parameters":{"$connections":{"defaultValue":{},"type":"Object"},"$authentication":{"defaultValue":{},"type":"SecureObject"}},"triggers":{"manual":{"metadata":{"operationMetadataId":"6f2606b9-d18a-4e29-97ad-c8576d120e5a"},"type":"Request","kind":"PowerAppV2","inputs":{"schema":{"type":"object","properties":{"file":{"title":"File Content","type":"object","x-ms-dynamically-added":true,"description":"Please select file or image","x-ms-content-hint":"FILE","properties":{"name":{"type":"string"},"contentBytes":{"type":"string","format":"byte"}}}},"required":[]}}}},"actions":{"Create_file":{"runAfter":{},"metadata":{"operationMetadataId":"d20efd66-87c2-4c63-9669-9e8cc3da9c79"},"type":"OpenApiConnection","inputs":{"host":{"apiId":"/providers/Microsoft.PowerApps/apis/shared_sharepointonline","connectionName":"shared_sharepointonline","operationId":"CreateFile"},"parameters":{"dataset":"https://mtgent.sharepoint.com/sites/LineServices","folderPath":"/Shared Documents/Timecards/Backup Timecards","name":"@triggerBody()['file']['name']","body":"@triggerBody()['file']['contentBytes']"},"authentication":{"value":"@json(decodeBase64(triggerOutputs().headers['X-MS-APIM-Tokens']))['$ConnectionKey']","type":"Raw"}},"runtimeConfiguration":{"contentTransfer":{"transferMode":"Chunked"}}}}},"connectionReferences":{"shared_sharepointonline":{"connectionName":"shared-sharepointonl-4a120827-0069-4c1f-ba57-323dc4e813a9","source":"Invoker","id":"/providers/Microsoft.PowerApps/apis/shared_sharepointonline","tier":"NotSpecified"}},"flowFailureAlertSubscribed":false,"isManaged":false}}