{"schemaVersion":"1.0","appDefinitionTemplate":{"id":"/providers/Microsoft.PowerApps/apps/","type":"Microsoft.PowerApps/apps","tags":{"primaryDeviceWidth":"768","primaryDeviceHeight":"1024","supportsPortrait":"true","supportsLandscape":"true","primaryFormFactor":"Tablet","publisherVersion":"3.24104.14","minimumRequiredApiVersion":"2.2.0","hasComponent":"false","hasUnlockedComponent":"false","isUnifiedRootApp":"false","sienaVersion":"20241113T202407Z-3.24104.14.0","showStatusBar":"false","offlineLargeFilesSupport":"false"},"properties":{"appVersion":"2024-11-13T20:24:07Z","lifeCycleId":"Published","createdByClientVersion":{"major":3,"minor":24104,"build":14,"revision":0,"majorRevision":0,"minorRevision":0},"minClientVersion":{"major":3,"minor":24104,"build":14,"revision":0,"majorRevision":0,"minorRevision":0},"backgroundColor":"rgba(152, 208, 70, 1)","backgroundImageUri":"/389068511797087177/Nd6615fe1-8c01-4aab-8395-af953846df26-logoSmallFile","displayName":"Line Services Daily","description":"Line Services Timesheet","commitMessage":"","appUris":{"documentUri":{"value":"/389068511797087177/N87d03c4b-bb25-4ba4-ab35-3706be866f21-document.msapp"},"imageUris":[],"additionalUris":[{"isSolutionAware":false,"value":"/389068511797087177/N8987d457-87b8-4893-9783-cb1c65daedbd-identity.json"}]},"createdTime":"0001-01-01T00:00:00Z","lastModifiedTime":"0001-01-01T00:00:00Z","sharedGroupsCount":0,"sharedUsersCount":0,"connectionReferences":{"8141a4b0-7e76-4ec4-a5ed-fa3890e109b3":{"id":"e4149a6d-9df4-43a8-9ee1-d1da303c586e","displayName":"SharePoint","iconUri":"https://connectoricons-prod.azureedge.net/u/jayawan/releases/v1.0.1697/1.0.1697.3786/sharepointonline/icon.png","dataSources":["LS Daily Timesheets","LS Timecard Employees","Rate Code_1","Class Code","LS Daily Equipment","Line Services Timecard - Email Recipients_1","LS Daily Active Job Number","LS Daily Draft Timesheets"],"dependencies":[],"dependents":["c6edb0bc-0981-42cf-a572-a26d71c67eed"],"parameterHints":{},"parameterHintsV2":{},"isOnPremiseConnection":false,"bypassConsent":false,"dataSets":{"https://mtgent.sharepoint.com/sites/LineServices":{"dataSources":{"LS Daily Timesheets":{"tableName":"19a5890e-70ba-454c-ad93-fc72f7617285"},"LS Timecard Employees":{"tableName":"7c4ab027-4375-4fbe-8d8c-1eb8d197980b"},"Rate Code_1":{"tableName":"c9047491-bc9c-44b7-b68c-b425fcc0a0dc"},"LS Daily Equipment":{"tableName":"a17f4c46-bb23-4710-b2fb-7195e4f1d709"},"Line Services Timecard - Email Recipients_1":{"tableName":"478c934f-4f77-4e5f-8b54-35384e3f9a22"},"LS Daily Draft Timesheets":{"tableName":"78e6ca58-219b-44a8-9ecc-4bba8fe67be0"}}},"https://mtgent.sharepoint.com/sites/LineServices/_layouts/15/viewlsts.aspx?view=14":{"dataSources":{"Class Code":{"tableName":"33c94d9f-ba3e-4ac8-8717-9ae29b55b355"},"LS Daily Active Job Number":{"tableName":"d6a8f60e-107f-4ddf-8c5a-8c06577f48e0"}}}},"apiTier":"Standard","isCustomApiConnection":false,"actions":["providers/PowerPlatform.Governance/Operations/Read","providers/PowerPlatform.Governance/Operations/Write","providers/PowerPlatform.Governance/Operations/Delete"]},"87d9c580-a88f-4bf2-8ac5-da6b7a6cbdb1":{"id":"07b07e27-34e0-4829-9883-9c9c2e4b9fb6","displayName":"Office 365 Outlook","iconUri":"https://connectoricons-prod.azureedge.net/releases/v1.0.1716/1.0.1716.3922/office365/icon.png","dataSources":["Office365Outlook"],"dependencies":[],"dependents":[],"parameterHints":{},"parameterHintsV2":{},"isOnPremiseConnection":false,"bypassConsent":false,"dataSets":{},"apiTier":"Standard","isCustomApiConnection":false,"actions":["SendEmailV2"]},"e1fb24ef-9c8f-41b0-b95e-11df705952a8":{"id":"d6eca9d4-a3ed-493a-b1d8-2efa72bc3a7f","displayName":"Logic flows","iconUri":"https://connectoricons-prod.azureedge.net/releases/v1.0.1719/1.0.1719.3955/logicflows/icon.png","dataSources":["testConnection"],"dependencies":["804225c5-6348-4958-90c0-eb992ae124b1"],"dependents":[],"parameterHints":{"workflowName":{"value":"aa5c213f-4baa-40ea-9e8d-0ce790b770b0"},"workflowEntityId":{},"workflowDisplayName":{"value":"testConnection"},"804225c5-6348-4958-90c0-eb992ae124b1":{"value":"shared_flowpush"}},"parameterHintsV2":{"workflowName":{"value":"aa5c213f-4baa-40ea-9e8d-0ce790b770b0"},"workflowEntityId":{},"workflowDisplayName":{"value":"testConnection"},"shared_flowpush":{"value":"804225c5-6348-4958-90c0-eb992ae124b1"}},"isOnPremiseConnection":false,"bypassConsent":false,"dataSets":{},"apiTier":"Standard","isCustomApiConnection":false,"nestedActions":[{"id":"/providers/Microsoft.PowerApps/apis/shared_sharepointonline/apiOperations/HttpRequest","apiName":"SharePoint","actionName":"HttpRequest","referencedResources":[{"key":"site","value":"https://mtgent.sharepoint.com/sites/LineServices"}]}]},"804225c5-6348-4958-90c0-eb992ae124b1":{"id":"acdf5c8e-4242-419c-9edc-671ab3684282","displayName":"Notifications","iconUri":"https://connectoricons-prod.azureedge.net/releases/v1.0.1718/1.0.1718.3946/flowpush/icon.png","dataSources":[],"dependencies":[],"dependents":["e1fb24ef-9c8f-41b0-b95e-11df705952a8"],"parameterHints":{},"parameterHintsV2":{},"isOnPremiseConnection":false,"bypassConsent":false,"dataSets":{},"apiTier":"Standard","isCustomApiConnection":false},"c6edb0bc-0981-42cf-a572-a26d71c67eed":{"id":"d6eca9d4-a3ed-493a-b1d8-2efa72bc3a7f","displayName":"Logic flows","iconUri":"https://connectoricons-prod.azureedge.net/releases/v1.0.1719/1.0.1719.3955/logicflows/icon.png","dataSources":["SaveDirecttoSharePoint"],"dependencies":["8141a4b0-7e76-4ec4-a5ed-fa3890e109b3"],"dependents":[],"parameterHints":{"workflowName":{"value":"3238fadd-39fa-4a63-9848-0b152b81a4e6"},"workflowEntityId":{},"workflowDisplayName":{"value":"SaveDirecttoSharePoint"},"8141a4b0-7e76-4ec4-a5ed-fa3890e109b3":{"value":"shared_sharepointonline"}},"parameterHintsV2":{"workflowName":{"value":"3238fadd-39fa-4a63-9848-0b152b81a4e6"},"workflowEntityId":{},"workflowDisplayName":{"value":"SaveDirecttoSharePoint"},"shared_sharepointonline":{"value":"8141a4b0-7e76-4ec4-a5ed-fa3890e109b3"}},"isOnPremiseConnection":false,"bypassConsent":false,"dataSets":{},"apiTier":"Standard","isCustomApiConnection":false,"actions":["Run"],"nestedActions":[{"id":"/providers/Microsoft.PowerApps/apis/shared_sharepointonline/apiOperations/CreateFile","apiName":"SharePoint","actionName":"CreateFile","referencedResources":[{"key":"site","value":"https://mtgent.sharepoint.com/sites/LineServices"}]}]}},"databaseReferences":{},"almMode":"Environment","performanceOptimizationEnabled":true,"canConsumeAppPass":true,"enableModernRuntimeMode":false,"executionRestrictions":{"isTeamsOnly":false,"dataLossPreventionEvaluationResult":{"status":"Compliant","lastEvaluationDate":"2024-11-13T20:24:17.1594681Z","violations":[],"violationsByPolicy":[],"violationErrorMessage":"The app uses the following connectors: shared_sharepointonline, shared_office365, shared_logicflows, shared_flowpush."},"httpActionRestriction":{"appUsesSharepointHttpAction":true,"enforcementStrategy":"Legacy","evaluationTime":"2024-11-13T20:24:17.159301Z"}}},"appType":"ClassicCanvasApp","appComponents":[]}}