{"schemaVersion":"1.0","appDefinitionTemplate":{"id":"/providers/Microsoft.PowerApps/apps/","type":"Microsoft.PowerApps/apps","tags":{"primaryDeviceWidth":"3419","primaryDeviceHeight":"2345","supportsPortrait":"true","supportsLandscape":"false","primaryFormFactor":"Phone","showStatusBar":"false","publisherVersion":"3.24111.12","minimumRequiredApiVersion":"2.2.0","hasComponent":"true","hasUnlockedComponent":"true","isUnifiedRootApp":"false","sienaVersion":"20241126T213729Z-3.24111.12.0"},"properties":{"appVersion":"2024-11-26T21:37:29Z","lifeCycleId":"Published","createdByClientVersion":{"major":3,"minor":24111,"build":12,"revision":0,"majorRevision":0,"minorRevision":0},"minClientVersion":{"major":3,"minor":24111,"build":12,"revision":0,"majorRevision":0,"minorRevision":0},"backgroundColor":"RGBA(0,176,240,1)","backgroundImageUri":"/17019935174916427526/Nac9e1384-9302-4e98-9d55-9b167fad0163-logoSmallFile","displayName":"Field Tools","description":"","commitMessage":"","appUris":{"documentUri":{"value":"/17019935174916427526/Nb37159ca-4d03-45bc-b546-a5171e873233-document.msapp"},"imageUris":[],"additionalUris":[{"isSolutionAware":false,"value":"/17019935174916427526/Nfd7bdb44-2689-41fa-b133-5b757410990b-identity.json"}]},"createdTime":"0001-01-01T00:00:00Z","lastModifiedTime":"0001-01-01T00:00:00Z","sharedGroupsCount":0,"sharedUsersCount":0,"connectionReferences":{"e94aa375-dec2-431a-b013-f666659d4142":{"id":"e4149a6d-9df4-43a8-9ee1-d1da303c586e","displayName":"SharePoint","iconUri":"https://connectoricons-prod.azureedge.net/u/jayawan/releases/v1.0.1697/1.0.1697.3786/sharepointonline/icon.png","dataSources":["JSA Submissions","FAQs","Projects","Receipt Log","LS Daily - Email Recipients","LS Daily Active Job Number","Small Tools Inventory"],"dependencies":[],"dependents":["f0c85465-44ec-4d68-8956-36528d69e80a"],"parameterHints":{},"parameterHintsV2":{},"isOnPremiseConnection":false,"bypassConsent":false,"dataSets":{"https://mtgent.sharepoint.com/sites/safety":{"dataSources":{"JSA Submissions":{"tableName":"2c230d30-5a69-4ebc-b090-cc4ec9369281"}}},"https://mtgent.sharepoint.com":{"dataSources":{"FAQs":{"tableName":"7fd25a5d-cc44-4cca-b288-9b6745423a90"}}},"https://mtgent.sharepoint.com/sites/PSProjects":{"dataSources":{"Projects":{"tableName":"1aab535a-0296-4a60-9d44-678ae7fc4f58"}}},"https://mtgent.sharepoint.com/sites/LineServices":{"dataSources":{"Receipt Log":{"tableName":"3daa5a97-2e89-4fb5-bdaa-f7a8aff2e551"},"LS Daily - Email Recipients":{"tableName":"478c934f-4f77-4e5f-8b54-35384e3f9a22"},"LS Daily Active Job Number":{"tableName":"d6a8f60e-107f-4ddf-8c5a-8c06577f48e0"}}},"https://mtgent.sharepoint.com/sites/mgefleet":{"dataSources":{"Small Tools Inventory":{"tableName":"150170c6-1a21-4bab-b69a-3c3185f439f5"}}}},"apiTier":"Standard","isCustomApiConnection":false,"actions":["providers/PowerPlatform.Governance/Operations/Read","providers/PowerPlatform.Governance/Operations/Write","providers/PowerPlatform.Governance/Operations/Delete"]},"1c18b627-1f43-4f8f-8047-429c99d1f9e2":{"id":"ddc2fb38-3204-4cdc-91d6-5c50bae96401","displayName":"Office 365 Users","iconUri":"https://connectoricons-prod.azureedge.net/releases/v1.0.1717/1.0.1717.3929/office365users/icon.png","dataSources":["Office365Users"],"dependencies":[],"dependents":[],"parameterHints":{},"parameterHintsV2":{},"isOnPremiseConnection":false,"bypassConsent":false,"dataSets":{},"apiTier":"Standard","isCustomApiConnection":false,"actions":["MyProfile"]},"f0c85465-44ec-4d68-8956-36528d69e80a":{"id":"d6eca9d4-a3ed-493a-b1d8-2efa72bc3a7f","displayName":"Logic flows","iconUri":"https://connectoricons-prod.azureedge.net/releases/v1.0.1719/1.0.1719.3955/logicflows/icon.png","dataSources":["FieldTools-LSExpenseApprovals"],"dependencies":["0134a804-9141-4fac-a180-b083d7487da7","e94aa375-dec2-431a-b013-f666659d4142"],"dependents":[],"parameterHints":{"workflowName":{"value":"e4177e5a-2836-45f4-823a-ca5028c04cc6"},"workflowEntityId":{},"workflowDisplayName":{"value":"Field Tools - LS Expense Approvals"},"0134a804-9141-4fac-a180-b083d7487da7":{"value":"shared_approvals_1"},"e94aa375-dec2-431a-b013-f666659d4142":{"value":"shared_sharepointonline"}},"parameterHintsV2":{"workflowName":{"value":"e4177e5a-2836-45f4-823a-ca5028c04cc6"},"workflowEntityId":{},"workflowDisplayName":{"value":"Field Tools - LS Expense Approvals"},"shared_approvals_1":{"value":"0134a804-9141-4fac-a180-b083d7487da7"},"shared_sharepointonline":{"value":"e94aa375-dec2-431a-b013-f666659d4142"}},"isOnPremiseConnection":false,"bypassConsent":false,"dataSets":{},"apiTier":"Standard","isCustomApiConnection":false,"actions":["Run"],"nestedActions":[{"id":"/providers/Microsoft.PowerApps/apis/shared_sharepointonline/apiOperations/GetItems","apiName":"SharePoint","actionName":"GetItems","referencedResources":[{"key":"site","value":"https://mtgent.sharepoint.com/sites/LineServices"},{"key":"list","value":"3daa5a97-2e89-4fb5-bdaa-f7a8aff2e551"}]},{"id":"/providers/Microsoft.PowerApps/apis/shared_sharepointonline/apiOperations/GetItemAttachments","apiName":"SharePoint","actionName":"GetItemAttachments","referencedResources":[{"key":"site","value":"https://mtgent.sharepoint.com/sites/LineServices"},{"key":"list","value":"3daa5a97-2e89-4fb5-bdaa-f7a8aff2e551"}]},{"id":"/providers/Microsoft.PowerApps/apis/shared_sharepointonline/apiOperations/GetAttachmentContent","apiName":"SharePoint","actionName":"GetAttachmentContent","referencedResources":[{"key":"site","value":"https://mtgent.sharepoint.com/sites/LineServices"},{"key":"list","value":"3daa5a97-2e89-4fb5-bdaa-f7a8aff2e551"}]},{"id":"/providers/Microsoft.PowerApps/apis/shared_sharepointonline/apiOperations/PatchItem","apiName":"SharePoint","actionName":"PatchItem","referencedResources":[{"key":"site","value":"https://mtgent.sharepoint.com/sites/LineServices"},{"key":"list","value":"3daa5a97-2e89-4fb5-bdaa-f7a8aff2e551"}]}]},"0134a804-9141-4fac-a180-b083d7487da7":{"id":"3de3125c-2692-44fc-aed2-7f94e2b1592f","displayName":"Approvals","iconUri":"https://connectoricons-prod.azureedge.net/releases/v1.0.1719/1.0.1719.3952/approvals/icon.png","dataSources":[],"dependencies":[],"dependents":["f0c85465-44ec-4d68-8956-36528d69e80a"],"parameterHints":{},"parameterHintsV2":{},"isOnPremiseConnection":false,"bypassConsent":false,"dataSets":{},"apiTier":"Standard","isCustomApiConnection":false}},"databaseReferences":{},"almMode":"Environment","performanceOptimizationEnabled":false,"canConsumeAppPass":false,"enableModernRuntimeMode":false,"executionRestrictions":{"isTeamsOnly":false,"dataLossPreventionEvaluationResult":{"status":"Compliant","lastEvaluationDate":"2024-11-26T21:37:49.0001045Z","violations":[],"violationsByPolicy":[],"violationErrorMessage":"The app uses the following connectors: shared_sharepointonline, shared_office365users, shared_logicflows, shared_approvals."},"httpActionRestriction":{"appUsesSharepointHttpAction":false,"enforcementStrategy":"Legacy","evaluationTime":"2024-11-26T21:37:48.999967Z"}}},"appType":"ClassicCanvasApp","appComponents":[]}}